ALG01;CPV16;IRN05;PAR14
ALG02;CPV17;IRN06;PAR15
ALG03;CPV18;IRN07;PAR16
ALG04;CPV19;IRN08;PAR17
ALG05;CPV20;IRN09;PAR18
ALG06;CRO01;IRN10;PAR19
ALG07;CRO02;IRN11;PAR20
ALG08;CRO03;IRN12;POR01
ALG09;CRO04;IRN13;POR02
ALG10;CRO05;IRN14;POR03
ALG11;CRO06;IRN15;POR04
ALG12;CRO07;IRN16;POR05
ALG13;CRO08;IRN17;POR06
ALG14;CRO09;IRN18;POR07
ALG15;CRO10;IRN19;POR08
ALG16;CRO11;IRN20;POR09
ALG17;CRO12;IRQ01;POR10
ALG18;CRO13;IRQ02;POR11
ALG19;CRO14;IRQ03;POR12
ALG20;CRO15;IRQ04;POR13
ARG01;CRO16;IRQ05;POR14
ARG02;CRO17;IRQ06;POR15
ARG03;CRO18;IRQ07;POR16
ARG04;CRO19;IRQ08;POR17
ARG05;CRO20;IRQ09;POR18
ARG06;CUW01;IRQ10;POR19
ARG07;CUW02;IRQ11;POR20
ARG08;CUW03;IRQ12;QAT01
ARG09;CUW04;IRQ13;QAT02
ARG10;CUW05;IRQ14;QAT03
ARG11;CUW06;IRQ15;QAT04
ARG12;CUW07;IRQ16;QAT05
ARG13;CUW08;IRQ17;QAT06
ARG14;CUW09;IRQ18;QAT07
ARG15;CUW10;IRQ19;QAT08
ARG16;CUW11;IRQ20;QAT09
ARG17;CUW12;JOR01;QAT10
ARG18;CUW13;JOR02;QAT11
ARG19;CUW14;JOR03;QAT12
ARG20;CUW15;JOR04;QAT13
AUS01;CUW16;JOR05;QAT14
AUS02;CUW17;JOR06;QAT15
AUS03;CUW18;JOR07;QAT16
AUS04;CUW19;JOR08;QAT17
AUS05;CUW20;JOR09;QAT18
AUS06;CZE01;JOR10;QAT19
AUS07;CZE02;JOR11;QAT20
AUS08;CZE03;JOR12;RSA01
AUS09;CZE04;JOR13;RSA02
AUS10;CZE05;JOR14;RSA03
AUS11;CZE06;JOR15;RSA04
AUS12;CZE07;JOR16;RSA05
AUS13;CZE08;JOR17;RSA06
AUS14;CZE09;JOR18;RSA07
AUS15;CZE10;JOR19;RSA08
AUS16;CZE11;JOR20;RSA09
AUS17;CZE12;JPN01;RSA10
AUS18;CZE13;JPN02;RSA11
AUS19;CZE14;JPN03;RSA12
AUS20;CZE15;JPN04;RSA13
AUT01;CZE16;JPN05;RSA14
AUT02;CZE17;JPN06;RSA15
AUT03;CZE18;JPN07;RSA16
AUT04;CZE19;JPN08;RSA17
AUT05;CZE20;JPN09;RSA18
AUT06;ECU01;JPN10;RSA19
AUT07;ECU02;JPN11;RSA20
AUT08;ECU03;JPN12;SCO01
AUT09;ECU04;JPN13;SCO02
AUT10;ECU05;JPN14;SCO03
AUT11;ECU06;JPN15;SCO04
AUT12;ECU07;JPN16;SCO05
AUT13;ECU08;JPN17;SCO06
AUT14;ECU09;JPN18;SCO07
AUT15;ECU10;JPN19;SCO08
AUT16;ECU11;JPN20;SCO09
AUT17;ECU12;KOR01;SCO10
AUT18;ECU13;KOR02;SCO11
AUT19;ECU14;KOR03;SCO12
AUT20;ECU15;KOR04;SCO13
BEL01;ECU16;KOR05;SCO14
BEL02;ECU17;KOR06;SCO15
BEL03;ECU18;KOR07;SCO16
BEL04;ECU19;KOR08;SCO17
BEL05;ECU20;KOR09;SCO18
BEL06;EGY01;KOR10;SCO19
BEL07;EGY02;KOR11;SCO20
BEL08;EGY03;KOR12;SEN01
BEL09;EGY04;KOR13;SEN02
BEL10;EGY05;KOR14;SEN03
BEL11;EGY06;KOR15;SEN04
BEL12;EGY07;KOR16;SEN05
BEL13;EGY08;KOR17;SEN06
BEL14;EGY09;KOR18;SEN07
BEL15;EGY10;KOR19;SEN08
BEL16;EGY11;KOR20;SEN09
BEL17;EGY12;KSA01;SEN10
BEL18;EGY13;KSA02;SEN11
BEL19;EGY14;KSA03;SEN12
BEL20;EGY15;KSA04;SEN13
BIH01;EGY16;KSA05;SEN14
BIH02;EGY17;KSA06;SEN15
BIH03;EGY18;KSA07;SEN16
BIH04;EGY19;KSA08;SEN17
BIH05;EGY20;KSA09;SEN18
BIH06;ENG01;KSA10;SEN19
BIH07;ENG02;KSA11;SEN20
BIH08;ENG03;KSA12;SUI01
BIH09;ENG04;KSA13;SUI02
BIH10;ENG05;KSA14;SUI03
BIH11;ENG06;KSA15;SUI04
BIH12;ENG07;KSA16;SUI05
BIH13;ENG08;KSA17;SUI06
BIH14;ENG09;KSA18;SUI07
BIH15;ENG10;KSA19;SUI08
BIH16;ENG11;KSA20;SUI09
BIH17;ENG12;MAR01;SUI10
BIH18;ENG13;MAR02;SUI11
BIH19;ENG14;MAR03;SUI12
BIH20;ENG15;MAR04;SUI13
BRA01;ENG16;MAR05;SUI14
BRA02;ENG17;MAR06;SUI15
BRA03;ENG18;MAR07;SUI16
BRA04;ENG19;MAR08;SUI17
BRA05;ENG20;MAR09;SUI18
BRA06;ESP01;MAR10;SUI19
BRA07;ESP02;MAR11;SUI20
BRA08;ESP03;MAR12;SWE01
BRA09;ESP04;MAR13;SWE02
BRA10;ESP05;MAR14;SWE03
BRA11;ESP06;MAR15;SWE04
BRA12;ESP07;MAR16;SWE05
BRA13;ESP08;MAR17;SWE06
BRA14;ESP09;MAR18;SWE07
BRA15;ESP10;MAR19;SWE08
BRA16;ESP11;MAR20;SWE09
BRA17;ESP12;MEX01;SWE10
BRA18;ESP13;MEX02;SWE11
BRA19;ESP14;MEX03;SWE12
BRA20;ESP15;MEX04;SWE13
CAN01;ESP16;MEX05;SWE14
CAN02;ESP17;MEX06;SWE15
CAN03;ESP18;MEX07;SWE16
CAN04;ESP19;MEX08;SWE17
CAN05;ESP20;MEX09;SWE18
CAN06;FRA01;MEX10;SWE19
CAN07;FRA02;MEX11;SWE20
CAN08;FRA03;MEX12;TUN01
CAN09;FRA04;MEX13;TUN02
CAN10;FRA05;MEX14;TUN03
CAN11;FRA06;MEX15;TUN04
CAN12;FRA07;MEX16;TUN05
CAN13;FRA08;MEX17;TUN06
CAN14;FRA09;MEX18;TUN07
CAN15;FRA10;MEX19;TUN08
CAN16;FRA11;MEX20;TUN09
CAN17;FRA12;NED01;TUN10
CAN18;FRA13;NED02;TUN11
CAN19;FRA14;NED03;TUN12
CAN20;FRA15;NED04;TUN13
CC01;FRA16;NED05;TUN14
CC02;FRA17;NED06;TUN15
CC03;FRA18;NED07;TUN16
CC04;FRA19;NED08;TUN17
CC05;FRA20;NED09;TUN18
CC06;PNN00;NED10;TUN19
CC07;FWC01;NED11;TUN20
CC08;FWC02;NED12;TUR01
CC09;FWC03;NED13;TUR02
CC10;FWC04;NED14;TUR03
CC11;FWC05;NED15;TUR04
CC12;FWC06;NED16;TUR05
CC13;FWC07;NED17;TUR06
CC14;FWC08;NED18;TUR07
CIV01;FWC09;NED19;TUR08
CIV02;FWC10;NED20;TUR09
CIV03;FWC11;NOR01;TUR10
CIV04;FWC12;NOR02;TUR11
CIV05;FWC13;NOR03;TUR12
CIV06;FWC14;NOR04;TUR13
CIV07;FWC15;NOR05;TUR14
CIV08;FWC16;NOR06;TUR15
CIV09;FWC17;NOR07;TUR16
CIV10;FWC18;NOR08;TUR17
CIV11;FWC19;NOR09;TUR18
CIV12;GER01;NOR10;TUR19
CIV13;GER02;NOR11;TUR20
CIV14;GER03;NOR12;URU01
CIV15;GER04;NOR13;URU02
CIV16;GER05;NOR14;URU03
CIV17;GER06;NOR15;URU04
CIV18;GER07;NOR16;URU05
CIV19;GER08;NOR17;URU06
CIV20;GER09;NOR18;URU07
COD01;GER10;NOR19;URU08
COD02;GER11;NOR20;URU09
COD03;GER12;NZL01;URU10
COD04;GER13;NZL02;URU11
COD05;GER14;NZL03;URU12
COD06;GER15;NZL04;URU13
COD07;GER16;NZL05;URU14
COD08;GER17;NZL06;URU15
COD09;GER18;NZL07;URU16
COD10;GER19;NZL08;URU17
COD11;GER20;NZL09;URU18
COD12;GHA01;NZL10;URU19
COD13;GHA02;NZL11;URU20
COD14;GHA03;NZL12;USA01
COD15;GHA04;NZL13;USA02
COD16;GHA05;NZL14;USA03
COD17;GHA06;NZL15;USA04
COD18;GHA07;NZL16;USA05
COD19;GHA08;NZL17;USA06
COD20;GHA09;NZL18;USA07
COL01;GHA10;NZL19;USA08
COL02;GHA11;NZL20;USA09
COL03;GHA12;PAN01;USA10
COL04;GHA13;PAN02;USA11
COL05;GHA14;PAN03;USA12
COL06;GHA15;PAN04;USA13
COL07;GHA16;PAN05;USA14
COL08;GHA17;PAN06;USA15
COL09;GHA18;PAN07;USA16
COL10;GHA19;PAN08;USA17
COL11;GHA20;PAN09;USA18
COL12;HAI01;PAN10;USA19
COL13;HAI02;PAN11;USA20
COL14;HAI03;PAN12;UZB01
COL15;HAI04;PAN13;UZB02
COL16;HAI05;PAN14;UZB03
COL17;HAI06;PAN15;UZB04
COL18;HAI07;PAN16;UZB05
COL19;HAI08;PAN17;UZB06
COL20;HAI09;PAN18;UZB07
CPV01;HAI10;PAN19;UZB08
CPV02;HAI11;PAN20;UZB09
CPV03;HAI12;PAR01;UZB10
CPV04;HAI13;PAR02;UZB11
CPV05;HAI14;PAR03;UZB12
CPV06;HAI15;PAR04;UZB13
CPV07;HAI16;PAR05;UZB14
CPV08;HAI17;PAR06;UZB15
CPV09;HAI18;PAR07;UZB16
CPV10;HAI19;PAR08;UZB17
CPV11;HAI20;PAR09;UZB18
CPV12;IRN01;PAR10;UZB19
CPV13;IRN02;PAR11;UZB20
CPV14;IRN03;PAR12;
CPV15;IRN04;PAR13;
